{
	"__comment": "Designed by Deltazura",
	"textures": {
		"texture": "textures/bomb",
		"particle": "textures/particle"
	},
	"elements": [ 	 
		{
			"__comment": "Element",
			"from": [ 1, 0, 6.5 ],
			"to": [ 15, 3, 9.5 ],
			"faces": {
				"down": { "uv": [ 2.5, 6, 6.5, 15.5 ], "texture": "#texture", "rotation": 90 },
				"up": { "uv": [ 0.5, 6, 4.5, 15.5 ], "texture": "#texture", "rotation": 270 },
				"north": { "uv": [ 2.5, 6, 6.5, 15.5 ], "texture": "#texture", "rotation": 270 },
				"south": { "uv": [ 2.5, 6, 6.5, 15.5 ], "texture": "#texture" },
				"west": { "uv": [ 2.5, 8.5, 5, 11 ], "texture": "#texture", "rotation": 270 },
				"east": { "uv": [ 2.5, 8.5, 5, 11 ], "texture": "#texture" }
			}
		},
		{
			"__comment": "Element",
			"from": [ 1, 0, 9.5 ],
			"to": [ 15, 3, 12.5 ],
			"faces": {
				"down": { "uv": [ 2.5, 6, 6.5, 15.5 ], "texture": "#texture", "rotation": 90 },
				"up": { "uv": [ 0.5, 6, 4.5, 15.5 ], "texture": "#texture", "rotation": 270 },
				"north": { "uv": [ 2.5, 6, 6.5, 15.5 ], "texture": "#texture", "rotation": 270 },
				"south": { "uv": [ 2.5, 6, 6.5, 15.5 ], "texture": "#texture", "rotation": 90 },
				"west": { "uv": [ 2.5, 8.5, 5, 11 ], "texture": "#texture", "rotation": 270 },
				"east": { "uv": [ 2.5, 8.5, 5, 11 ], "texture": "#texture" }
			}
		},
		{
			"__comment": "Element",
			"from": [ 1, 0, 3.5 ],
			"to": [ 15, 3, 6.5 ],
			"faces": {
				"down": { "uv": [ 2.5, 6, 6.5, 15.5 ], "texture": "#texture", "rotation": 90 },
				"up": { "uv": [ 0.5, 6, 4.5, 15.5 ], "texture": "#texture", "rotation": 270 },
				"north": { "uv": [ 2.5, 6, 6.5, 15.5 ], "texture": "#texture", "rotation": 270 },
				"south": { "uv": [ 2.5, 6, 6.5, 15.5 ], "texture": "#texture" },
				"west": { "uv": [ 2.5, 8.5, 5, 11 ], "texture": "#texture", "rotation": 270 },
				"east": { "uv": [ 2.5, 8.5, 5, 11 ], "texture": "#texture" }
			}
		},
		{
			"__comment": "Element",
			"from": [ 5.5, 0.5, 12.5 ],
			"to": [ 8, 2, 13.5 ],
			"faces": {
				"down": { "uv": [ 9.5, 6, 12, 12 ], "texture": "#texture", "rotation": 270 },
				"up": { "uv": [ 9.5, 6, 12, 12 ], "texture": "#texture", "rotation": 270 },
				"north": { "uv": [ 9.5, 6, 12, 12 ], "texture": "#texture", "rotation": 90 },
				"south": { "uv": [ 9.5, 6, 12, 12 ], "texture": "#texture", "rotation": 270 },
				"west": { "uv": [ 9.5, 6, 12, 7.5 ], "texture": "#texture" },
				"east": { "uv": [ 9.5, 8, 12, 10.5 ], "texture": "#texture" }
			}
		},
		{
			"__comment": "Element",
			"from": [ 2, 3, 5 ],
			"to": [ 14, 3.5, 11 ],
			"faces": {
				"down": { "uv": [ 7, 0, 8, 1.5 ], "texture": "#texture" },
				"up": { "uv": [ 7, 0, 8, 1.5 ], "texture": "#texture" },
				"north": { "uv": [ 7, 0, 8, 0.5 ], "texture": "#texture" },
				"south": { "uv": [ 7, 0, 8, 0.5 ], "texture": "#texture" },
				"west": { "uv": [ 7, 0, 8, 1 ], "texture": "#texture" },
				"east": { "uv": [ 7, 0, 8, 1 ], "texture": "#texture" }
			}
		},
		{
			"__comment": "Element",
			"from": [ 2.5, 3.5, 5.5 ],
			"to": [ 4, 4, 10 ],
			"faces": {
				"down": { "uv": [ 0, 3, 4, 3 ], "texture": "#texture" },
				"up": { "uv": [ 0, 3, 4.5, 4.5 ], "texture": "#texture", "rotation": 270 },
				"north": { "uv": [ 0, 3, 3.5, 3 ], "texture": "#texture" },
				"south": { "uv": [ 0, 3, 3.5, 3 ], "texture": "#texture" },
				"west": { "uv": [ 0, 3, 4.5, 3 ], "texture": "#texture" },
				"east": { "uv": [ 0, 3, 4.5, 3 ], "texture": "#texture" }
			}
		},
		{
			"__comment": "Element",
			"from": [ 7, 3.5, 5.5 ],
			"to": [ 13.5, 4, 10.5 ],
			"faces": {
				"down": { "uv": [ 12.5, 0, 13.5, 1 ], "texture": "#texture" },
				"up": { "uv": [ 12.5, 0, 13.5, 1 ], "texture": "#texture" },
				"north": { "uv": [ 12.5, 0, 13.5, 0.5 ], "texture": "#texture" },
				"south": { "uv": [ 12.5, 0, 13.5, 0.5 ], "texture": "#texture" },
				"west": { "uv": [ 12.5, 0, 13.5, 0.5 ], "texture": "#texture" },
				"east": { "uv": [ 12.5, 0, 13.5, 0.5 ], "texture": "#texture" }
			}
		},
		{
			"__comment": "Element",
			"from": [ 7.5, 3.5, 6 ],
			"to": [ 8.5, 4.5, 7 ],
			"faces": {
				"down": { "uv": [ 15.5, 0, 16, 0.5 ], "texture": "#texture" },
				"up": { "uv": [ 1, 0, 1.5, 0.5 ], "texture": "#texture", "rotation": 270 },
				"north": { "uv": [ 15.5, 0, 16, 0.5 ], "texture": "#texture" },
				"south": { "uv": [ 15.5, 0, 16, 0.5 ], "texture": "#texture" },
				"west": { "uv": [ 15.5, 0, 16, 0.5 ], "texture": "#texture" },
				"east": { "uv": [ 15.5, 0, 16, 0.5 ], "texture": "#texture" }
			}
		},
		{
			"__comment": "Element",
			"from": [ 7.5, 3.5, 7.5 ],
			"to": [ 8.5, 4.5, 8.5 ],
			"faces": {
				"down": { "uv": [ 15.5, 0, 16, 0.5 ], "texture": "#texture" },
				"up": { "uv": [ 0.5, 0, 1, 0.5 ], "texture": "#texture", "rotation": 270 },
				"north": { "uv": [ 15.5, 0, 16, 0.5 ], "texture": "#texture" },
				"south": { "uv": [ 15.5, 0, 16, 0.5 ], "texture": "#texture" },
				"west": { "uv": [ 15.5, 0, 16, 0.5 ], "texture": "#texture" },
				"east": { "uv": [ 15.5, 0, 16, 0.5 ], "texture": "#texture" }
			}
		},
		{
			"__comment": "Element",
			"from": [ 7.5, 3.5, 9 ],
			"to": [ 8.5, 4.5, 10 ],
			"faces": {
				"down": { "uv": [ 15.5, 0, 16, 0.5 ], "texture": "#texture" },
				"up": { "uv": [ 0, 0, 0.5, 0.5 ], "texture": "#texture", "rotation": 270 },
				"north": { "uv": [ 15.5, 0, 16, 0.5 ], "texture": "#texture" },
				"south": { "uv": [ 15.5, 0, 16, 0.5 ], "texture": "#texture" },
				"west": { "uv": [ 15.5, 0, 16, 0.5 ], "texture": "#texture" },
				"east": { "uv": [ 15.5, 0, 16, 0.5 ], "texture": "#texture" }
			}
		},
		{
			"__comment": "Element",
			"from": [ 9, 3.5, 6 ],
			"to": [ 10, 4.5, 7 ],
			"faces": {
				"down": { "uv": [ 15.5, 0, 16, 0.5 ], "texture": "#texture" },
				"up": { "uv": [ 1, 0.5, 1.5, 1 ], "texture": "#texture", "rotation": 270 },
				"north": { "uv": [ 15.5, 0, 16, 0.5 ], "texture": "#texture" },
				"south": { "uv": [ 15.5, 0, 16, 0.5 ], "texture": "#texture" },
				"west": { "uv": [ 15.5, 0, 16, 0.5 ], "texture": "#texture" },
				"east": { "uv": [ 15.5, 0, 16, 0.5 ], "texture": "#texture" }
			}
		},
		{
			"__comment": "Element",
			"from": [ 10.5, 3.5, 6 ],
			"to": [ 11.5, 4.5, 7 ],
			"faces": {
				"down": { "uv": [ 15.5, 0, 16, 0.5 ], "texture": "#texture" },
				"up": { "uv": [ 1, 1, 1.5, 1.5 ], "texture": "#texture", "rotation": 270 },
				"north": { "uv": [ 15.5, 0, 16, 0.5 ], "texture": "#texture" },
				"south": { "uv": [ 15.5, 0, 16, 0.5 ], "texture": "#texture" },
				"west": { "uv": [ 15.5, 0, 16, 0.5 ], "texture": "#texture" },
				"east": { "uv": [ 15.5, 0, 16, 0.5 ], "texture": "#texture" }
			}
		},
		{
			"__comment": "Element",
			"from": [ 12, 3.5, 6 ],
			"to": [ 13, 4.5, 7 ],
			"faces": {
				"down": { "uv": [ 15.5, 0, 16, 0.5 ], "texture": "#texture" },
				"up": { "uv": [ 1, 1.5, 1.5, 2 ], "texture": "#texture", "rotation": 270 },
				"north": { "uv": [ 15.5, 0, 16, 0.5 ], "texture": "#texture" },
				"south": { "uv": [ 15.5, 0, 16, 0.5 ], "texture": "#texture" },
				"west": { "uv": [ 15.5, 0, 16, 0.5 ], "texture": "#texture" },
				"east": { "uv": [ 15.5, 0, 16, 0.5 ], "texture": "#texture" }
			}
		},
		{
			"__comment": "Element",
			"from": [ 9, 3.5, 7.5 ],
			"to": [ 10, 4.5, 8.5 ],
			"faces": {
				"down": { "uv": [ 15.5, 0, 16, 0.5 ], "texture": "#texture" },
				"up": { "uv": [ 0.5, 0.5, 1, 1 ], "texture": "#texture", "rotation": 270 },
				"north": { "uv": [ 15.5, 0, 16, 0.5 ], "texture": "#texture" },
				"south": { "uv": [ 15.5, 0, 16, 0.5 ], "texture": "#texture" },
				"west": { "uv": [ 15.5, 0, 16, 0.5 ], "texture": "#texture" },
				"east": { "uv": [ 15.5, 0, 16, 0.5 ], "texture": "#texture" }
			}
		},
		{
			"__comment": "Element",
			"from": [ 10.5, 3.5, 7.5 ],
			"to": [ 11.5, 4.5, 8.5 ],
			"faces": {
				"down": { "uv": [ 15.5, 0, 16, 0.5 ], "texture": "#texture" },
				"up": { "uv": [ 0.5, 1, 1, 1.5 ], "texture": "#texture", "rotation": 270 },
				"north": { "uv": [ 15.5, 0, 16, 0.5 ], "texture": "#texture" },
				"south": { "uv": [ 15.5, 0, 16, 0.5 ], "texture": "#texture" },
				"west": { "uv": [ 15.5, 0, 16, 0.5 ], "texture": "#texture" },
				"east": { "uv": [ 15.5, 0, 16, 0.5 ], "texture": "#texture" }
			}
		},
		{
			"__comment": "Element",
			"from": [ 12, 3.5, 7.5 ],
			"to": [ 13, 4.5, 8.5 ],
			"faces": {
				"down": { "uv": [ 15.5, 0, 16, 0.5 ], "texture": "#texture" },
				"up": { "uv": [ 0.5, 1.5, 1, 2 ], "texture": "#texture", "rotation": 270 },
				"north": { "uv": [ 15.5, 0, 16, 0.5 ], "texture": "#texture" },
				"south": { "uv": [ 15.5, 0, 16, 0.5 ], "texture": "#texture" },
				"west": { "uv": [ 15.5, 0, 16, 0.5 ], "texture": "#texture" },
				"east": { "uv": [ 15.5, 0, 16, 0.5 ], "texture": "#texture" }
			}
		},
		{
			"__comment": "Element",
			"from": [ 9, 3.5, 9 ],
			"to": [ 10, 4.5, 10 ],
			"faces": {
				"down": { "uv": [ 15.5, 0, 16, 0.5 ], "texture": "#texture" },
				"up": { "uv": [ 0, 0.5, 0.5, 1 ], "texture": "#texture", "rotation": 270 },
				"north": { "uv": [ 15.5, 0, 16, 0.5 ], "texture": "#texture" },
				"south": { "uv": [ 15.5, 0, 16, 0.5 ], "texture": "#texture" },
				"west": { "uv": [ 15.5, 0, 16, 0.5 ], "texture": "#texture" },
				"east": { "uv": [ 15.5, 0, 16, 0.5 ], "texture": "#texture" }
			}
		},
		{
			"__comment": "Element",
			"from": [ 10.5, 3.5, 9 ],
			"to": [ 11.5, 4.5, 10 ],
			"faces": {
				"down": { "uv": [ 15.5, 0, 16, 0.5 ], "texture": "#texture" },
				"up": { "uv": [ 0, 1, 0.5, 1.5 ], "texture": "#texture", "rotation": 270 },
				"north": { "uv": [ 15.5, 0, 16, 0.5 ], "texture": "#texture" },
				"south": { "uv": [ 15.5, 0, 16, 0.5 ], "texture": "#texture" },
				"west": { "uv": [ 15.5, 0, 16, 0.5 ], "texture": "#texture" },
				"east": { "uv": [ 15.5, 0, 16, 0.5 ], "texture": "#texture" }
			}
		},
		{
			"__comment": "Element",
			"from": [ 12, 3.5, 9 ],
			"to": [ 13, 4.5, 10 ],
			"faces": {
				"down": { "uv": [ 15.5, 0, 16, 0.5 ], "texture": "#texture" },
				"up": { "uv": [ 0, 1.5, 0.5, 2 ], "texture": "#texture", "rotation": 270 },
				"north": { "uv": [ 15.5, 0, 16, 0.5 ], "texture": "#texture" },
				"south": { "uv": [ 15.5, 0, 16, 0.5 ], "texture": "#texture" },
				"west": { "uv": [ 15.5, 0, 16, 0.5 ], "texture": "#texture" },
				"east": { "uv": [ 15.5, 0, 16, 0.5 ], "texture": "#texture" }
			}
		},
		{
			"__comment": "Element",
			"from": [ 5.5, 3, 6 ],
			"to": [ 6, 4.5, 6.5 ],
			"faces": {
				"down": { "uv": [ 16, 0.5, 15.5, 0 ], "texture": "#texture" },
				"up": { "uv": [ 5.5, 0, 6, 0.5 ], "texture": "#texture" },
				"north": { "uv": [ 15.5, 0, 16, 1.5 ], "texture": "#texture" },
				"south": { "uv": [ 5.5, 0, 6, 1.5 ], "texture": "#texture" },
				"west": { "uv": [ 15.5, 0, 16, 1.5 ], "texture": "#texture" },
				"east": { "uv": [ 15.5, 0, 16, 1.5 ], "texture": "#texture" }
			}
		},
		{
			"__comment": "Element",
			"from": [ 5.5, 3, 7 ],
			"to": [ 6, 4.5, 7.5 ],
			"faces": {
				"down": { "uv": [ 16, 0.5, 15.5, 0 ], "texture": "#texture" },
				"up": { "uv": [ 6, 0, 6.5, 0.5 ], "texture": "#texture" },
				"north": { "uv": [ 15.5, 0, 16, 1.5 ], "texture": "#texture" },
				"south": { "uv": [ 15.5, 0, 16, 1.5 ], "texture": "#texture" },
				"west": { "uv": [ 15.5, 0, 16, 1.5 ], "texture": "#texture" },
				"east": { "uv": [ 5.5, 0, 6, 1.5 ], "texture": "#texture" }
			}
		},
		{
			"__comment": "Element",
			"from": [ 0, 2, 6 ],
			"to": [ 1, 2.5, 6.5 ],
			"faces": {
				"down": { "uv": [ 15.5, 0, 16, 0.5 ], "texture": "#texture" },
				"up": { "uv": [ 15.5, 0, 16, 0.5 ], "texture": "#texture" },
				"north": { "uv": [ 15.5, 0, 16, 0.5 ], "texture": "#texture" },
				"south": { "uv": [ 15.5, 0, 16, 0.5 ], "texture": "#texture" },
				"west": { "uv": [ 15.5, 0, 16, 0.5 ], "texture": "#texture" },
				"east": { "uv": [ 15.5, 0, 16, 0.5 ], "texture": "#texture" }
			}
		},
		{
			"__comment": "Element",
			"from": [ 0, 2, 4.5 ],
			"to": [ 1, 2.5, 5 ],
			"faces": {
				"down": { "uv": [ 9.5, 0, 10, 0.5 ], "texture": "#texture" },
				"up": { "uv": [ 9.5, 0, 10, 0.5 ], "texture": "#texture" },
				"north": { "uv": [ 9.5, 0, 10, 0.5 ], "texture": "#texture" },
				"south": { "uv": [ 9.5, 0, 10, 0.5 ], "texture": "#texture" },
				"west": { "uv": [ 9.5, 0, 10, 0.5 ], "texture": "#texture" },
				"east": { "uv": [ 9.5, 0, 10, 0.5 ], "texture": "#texture" }
			}
		},
		{
			"__comment": "Element",
			"from": [ 0, 2, 11 ],
			"to": [ 1, 2.5, 11.5 ],
			"faces": {
				"down": { "uv": [ 11, 0, 11.5, 0.5 ], "texture": "#texture" },
				"up": { "uv": [ 11, 0, 11.5, 0.5 ], "texture": "#texture" },
				"north": { "uv": [ 11, 0, 11.5, 0.5 ], "texture": "#texture" },
				"south": { "uv": [ 11, 0, 11.5, 0.5 ], "texture": "#texture" },
				"west": { "uv": [ 11, 0, 11.5, 0.5 ], "texture": "#texture" },
				"east": { "uv": [ 11, 0, 11.5, 0.5 ], "texture": "#texture" }
			}
		},
		{
			"__comment": "Element",
			"from": [ 5, 0.5, 12.5 ],
			"to": [ 5.5, 2, 13.5 ],
			"faces": {
				"down": { "uv": [ 15.5, 0, 16, 0.5 ], "texture": "#texture" },
				"up": { "uv": [ 15.5, 0, 16, 0.5 ], "texture": "#texture" },
				"north": { "uv": [ 15.5, 0, 16, 0.5 ], "texture": "#texture" },
				"south": { "uv": [ 15.5, 0, 16, 0.5 ], "texture": "#texture" },
				"west": { "uv": [ 15.5, 0, 16, 0.5 ], "texture": "#texture" },
				"east": { "uv": [ 15.5, 0, 16, 0.5 ], "texture": "#texture" }
			}
		},
		{
			"__comment": "Element",
			"from": [ 5.25, 2, 12.5 ],
			"to": [ 5.3125, 4.5, 12.5625 ],
			"faces": {
				"down": { "uv": [ 15.5, 0, 16, 0.5 ], "texture": "#texture" },
				"up": { "uv": [ 15.5, 0, 16, 0.5 ], "texture": "#texture" },
				"north": { "uv": [ 15.5, 0, 16, 0.5 ], "texture": "#texture" },
				"south": { "uv": [ 15.5, 0, 16, 0.5 ], "texture": "#texture" },
				"west": { "uv": [ 15.5, 0, 16, 0.5 ], "texture": "#texture" },
				"east": { "uv": [ 15.5, 0, 16, 0.5 ], "texture": "#texture" }
			}
		},
		{
			"__comment": "Element",
			"from": [ 5.25, 4.4375, 10.5 ],
			"to": [ 5.3125, 4.5, 12.5 ],
			"faces": {
				"down": { "uv": [ 15.5, 0, 16, 0.5 ], "texture": "#texture" },
				"up": { "uv": [ 15.5, 0, 16, 0.5 ], "texture": "#texture" },
				"north": { "uv": [ 15.5, 0, 16, 0.5 ], "texture": "#texture" },
				"south": { "uv": [ 15.5, 0, 16, 0.5 ], "texture": "#texture" },
				"west": { "uv": [ 15.5, 0, 16, 0.5 ], "texture": "#texture" },
				"east": { "uv": [ 15.5, 0, 16, 0.5 ], "texture": "#texture" }
			}
		},
		{
			"__comment": "Element",
			"from": [ 5, 3.5, 10 ],
			"to": [ 5.5, 4, 10.5 ],
			"faces": {
				"down": { "uv": [ 8.5, 0, 9, 0.5 ], "texture": "#texture" },
				"up": { "uv": [ 8.5, 0, 9, 0.5 ], "texture": "#texture" },
				"north": { "uv": [ 8.5, 0, 9, 0.5 ], "texture": "#texture" },
				"south": { "uv": [ 8.5, 0, 9, 0.5 ], "texture": "#texture" },
				"west": { "uv": [ 8.5, 0, 9, 0.5 ], "texture": "#texture" },
				"east": { "uv": [ 8.5, 0, 9, 0.5 ], "texture": "#texture" }
			}
		},
		{
			"__comment": "Element",
			"from": [ 5.25, 4.9375, 10 ],
			"to": [ 5.3125, 5, 13 ],
			"faces": {
				"down": { "uv": [ 11, 0, 11.5, 0.5 ], "texture": "#texture" },
				"up": { "uv": [ 11, 0, 11.5, 0.5 ], "texture": "#texture" },
				"north": { "uv": [ 11, 0, 11.5, 0.5 ], "texture": "#texture" },
				"south": { "uv": [ 11, 0, 11.5, 0.5 ], "texture": "#texture" },
				"west": { "uv": [ 11, 0, 11.5, 0.5 ], "texture": "#texture" },
				"east": { "uv": [ 11, 0, 11.5, 0.5 ], "texture": "#texture" }
			}
		},
		{
			"__comment": "Element",
			"from": [ 5.25, 2, 13 ],
			"to": [ 5.3125, 5, 13.0625 ],
			"faces": {
				"down": { "uv": [ 11, 0, 11.5, 0.5 ], "texture": "#texture" },
				"up": { "uv": [ 11, 0, 11.5, 0.5 ], "texture": "#texture" },
				"north": { "uv": [ 11, 0, 11.5, 0.5 ], "texture": "#texture" },
				"south": { "uv": [ 11, 0, 11.5, 0.5 ], "texture": "#texture" },
				"west": { "uv": [ 11, 0, 11.5, 0.5 ], "texture": "#texture" },
				"east": { "uv": [ 11, 0, 11.5, 0.5 ], "texture": "#texture" }
			}
		},
		{
			"__comment": "Element",
			"from": [ 5.25, 4, 10 ],
			"to": [ 5.3125, 5, 10.0625 ],
			"faces": {
				"down": { "uv": [ 11, 0, 11.5, 0.5 ], "texture": "#texture" },
				"up": { "uv": [ 11, 0, 11.5, 0.5 ], "texture": "#texture" },
				"north": { "uv": [ 11, 0, 11.5, 0.5 ], "texture": "#texture" },
				"south": { "uv": [ 11, 0, 11.5, 0.5 ], "texture": "#texture" },
				"west": { "uv": [ 11, 0, 11.5, 0.5 ], "texture": "#texture" },
				"east": { "uv": [ 11, 0, 11.5, 0.5 ], "texture": "#texture" }
			}
		},
		{
			"__comment": "Element",
			"from": [ 5.25, 4, 10.43 ],
			"to": [ 5.3125, 4.5, 10.4925 ],
			"faces": {
				"down": { "uv": [ 15.5, 0, 16, 0.5 ], "texture": "#texture" },
				"up": { "uv": [ 15.5, 0, 16, 0.5 ], "texture": "#texture" },
				"north": { "uv": [ 15.5, 0, 16, 0.5 ], "texture": "#texture" },
				"south": { "uv": [ 15.5, 0, 16, 0.5 ], "texture": "#texture" },
				"west": { "uv": [ 15.5, 0, 16, 0.5 ], "texture": "#texture" },
				"east": { "uv": [ 15.5, 0, 16, 0.5 ], "texture": "#texture" }
			}
		},
		{
			"__comment": "Element",
			"from": [ 11.5, 3.5, 10.5 ],
			"to": [ 12.5, 3.5625, 11.5 ],
			"faces": {
				"down": { "uv": [ 1.5, 2, 2.5, 3 ], "texture": "#texture" },
				"up": { "uv": [ 1.5, 2, 3.5, 3 ], "texture": "#texture", "rotation": 270 },
				"north": { "uv": [ 2.5, 0, 3, 0.5 ], "texture": "#texture" },
				"south": { "uv": [ 2.5, 0, 3, 0.5 ], "texture": "#texture" },
				"west": { "uv": [ 2.5, 0, 3, 0.5 ], "texture": "#texture" },
				"east": { "uv": [ 2.5, 0, 3, 0.5 ], "texture": "#texture" }
			}
		},
		{
			"__comment": "Element",
			"from": [ 7.5, 3.5, 10.5 ],
			"to": [ 8.5, 3.5625, 11.5 ],
			"faces": {
				"down": { "uv": [ 1.5, 2, 3.5, 3 ], "texture": "#texture" },
				"up": { "uv": [ 1.5, 1, 2.5, 3 ], "texture": "#texture" },
				"north": { "uv": [ 2.5, 0, 3, 0.5 ], "texture": "#texture" },
				"south": { "uv": [ 2.5, 0, 3, 0.5 ], "texture": "#texture" },
				"west": { "uv": [ 2.5, 0, 3, 0.5 ], "texture": "#texture" },
				"east": { "uv": [ 2.5, 0, 3, 0.5 ], "texture": "#texture" }
			}
		},
		{
			"__comment": "Element",
			"from": [ 8.5, 3.5, 11 ],
			"to": [ 11.5, 3.5625, 11.5 ],
			"faces": {
				"down": { "uv": [ 1.5, 0, 2.5, 2 ], "texture": "#texture" },
				"up": { "uv": [ 1.5, 0, 2.5, 2 ], "texture": "#texture", "rotation": 270 },
				"north": { "uv": [ 2.5, 0, 3, 0.5 ], "texture": "#texture" },
				"south": { "uv": [ 2.5, 0, 3, 0.5 ], "texture": "#texture" },
				"west": { "uv": [ 2.5, 0, 3, 0.5 ], "texture": "#texture" },
				"east": { "uv": [ 2.5, 0, 3, 0.5 ], "texture": "#texture" }
			}
		},
		{
			"__comment": "Element",
			"from": [ 4, 3.5, 8 ],
			"to": [ 7, 3.5625, 9 ],
			"faces": {
				"down": { "uv": [ 1.5, 0, 2.5, 2 ], "texture": "#texture" },
				"up": { "uv": [ 1.5, 0, 2.5, 2 ], "texture": "#texture", "rotation": 90 },
				"north": { "uv": [ 2.5, 0, 3, 0.5 ], "texture": "#texture" },
				"south": { "uv": [ 2.5, 0, 3, 0.5 ], "texture": "#texture" },
				"west": { "uv": [ 2.5, 0, 3, 0.5 ], "texture": "#texture" },
				"east": { "uv": [ 2.5, 0, 3, 0.5 ], "texture": "#texture" }
			}
		},
		{
			"__comment": "Element",
			"from": [ -0.5, 3.4375, 2.5 ],
			"to": [ 11.5, 3.5, 2.5625 ],
			"faces": {
				"down": { "uv": [ 9.5, 0, 10, 0.5 ], "texture": "#texture" },
				"up": { "uv": [ 9.5, 0, 10, 0.5 ], "texture": "#texture" },
				"north": { "uv": [ 9.5, 0, 10, 0.5 ], "texture": "#texture" },
				"south": { "uv": [ 9.5, 0, 10, 0.5 ], "texture": "#texture" },
				"west": { "uv": [ 9.5, 0, 10, 0.5 ], "texture": "#texture" },
				"east": { "uv": [ 9.5, 0, 10, 0.5 ], "texture": "#texture" }
			}
		},
		{
			"__comment": "Element",
			"from": [ -0.5, 2.3, 4.75 ],
			"to": [ 0.5, 2.3625, 4.8125 ],
			"faces": {
				"down": { "uv": [ 9.5, 0, 10, 0.5 ], "texture": "#texture" },
				"up": { "uv": [ 9.5, 0, 10, 0.5 ], "texture": "#texture" },
				"north": { "uv": [ 9.5, 0, 10, 0.5 ], "texture": "#texture" },
				"south": { "uv": [ 9.5, 0, 10, 0.5 ], "texture": "#texture" },
				"west": { "uv": [ 9.5, 0, 10, 0.5 ], "texture": "#texture" },
				"east": { "uv": [ 9.5, 0, 10, 0.5 ], "texture": "#texture" }
			}
		},
		{
			"__comment": "Element",
			"from": [ -0.5, 3.4375, 2.5 ],
			"to": [ -0.4375, 3.5, 4.8 ],
			"faces": {
				"down": { "uv": [ 9.5, 0, 10, 0.5 ], "texture": "#texture" },
				"up": { "uv": [ 9.5, 0, 10, 0.5 ], "texture": "#texture" },
				"north": { "uv": [ 9.5, 0, 10, 0.5 ], "texture": "#texture" },
				"south": { "uv": [ 9.5, 0, 10, 0.5 ], "texture": "#texture" },
				"west": { "uv": [ 9.5, 0, 10, 0.5 ], "texture": "#texture" },
				"east": { "uv": [ 9.5, 0, 10, 0.5 ], "texture": "#texture" }
			}
		},
		{
			"__comment": "Element",
			"from": [ -0.5, 2.3, 4.75 ],
			"to": [ -0.4375, 3.5, 4.8125 ],
			"faces": {
				"down": { "uv": [ 9.5, 0, 10, 0.5 ], "texture": "#texture" },
				"up": { "uv": [ 9.5, 0, 10, 0.5 ], "texture": "#texture" },
				"north": { "uv": [ 9.5, 0, 10, 0.5 ], "texture": "#texture" },
				"south": { "uv": [ 9.5, 0, 10, 0.5 ], "texture": "#texture" },
				"west": { "uv": [ 9.5, 0, 10, 0.5 ], "texture": "#texture" },
				"east": { "uv": [ 9.5, 0, 10, 0.5 ], "texture": "#texture" }
			}
		},
		{
			"__comment": "Element",
			"from": [ 11.5, 3.4375, 2.5 ],
			"to": [ 11.5625, 3.5, 6 ],
			"faces": {
				"down": { "uv": [ 9.5, 0, 10, 0.5 ], "texture": "#texture" },
				"up": { "uv": [ 9.5, 0, 10, 0.5 ], "texture": "#texture" },
				"north": { "uv": [ 9.5, 0, 10, 0.5 ], "texture": "#texture" },
				"south": { "uv": [ 9.5, 0, 10, 0.5 ], "texture": "#texture" },
				"west": { "uv": [ 9.5, 0, 10, 0.5 ], "texture": "#texture" },
				"east": { "uv": [ 9.5, 0, 10, 0.5 ], "texture": "#texture" }
			}
		},
		{
			"__comment": "Element",
			"from": [ 11, 3.4375, 3 ],
			"to": [ 11.0625, 3.5, 6 ],
			"faces": {
				"down": { "uv": [ 15.5, 0, 16, 0.5 ], "texture": "#texture" },
				"up": { "uv": [ 15.5, 0, 16, 0.5 ], "texture": "#texture" },
				"north": { "uv": [ 15.5, 0, 16, 0.5 ], "texture": "#texture" },
				"south": { "uv": [ 15.5, 0, 16, 0.5 ], "texture": "#texture" },
				"west": { "uv": [ 15.5, 0, 16, 0.5 ], "texture": "#texture" },
				"east": { "uv": [ 15.5, 0, 16, 0.5 ], "texture": "#texture" }
			}
		},
		{
			"__comment": "Element",
			"from": [ 0, 3.4375, 3 ],
			"to": [ 11, 3.5, 3.0625 ],
			"faces": {
				"down": { "uv": [ 15.5, 0, 16, 0.5 ], "texture": "#texture" },
				"up": { "uv": [ 15.5, 0, 16, 0.5 ], "texture": "#texture" },
				"north": { "uv": [ 15.5, 0, 16, 0.5 ], "texture": "#texture" },
				"south": { "uv": [ 15.5, 0, 16, 0.5 ], "texture": "#texture" },
				"west": { "uv": [ 15.5, 0, 16, 0.5 ], "texture": "#texture" },
				"east": { "uv": [ 15.5, 0, 16, 0.5 ], "texture": "#texture" }
			}
		},
		{
			"__comment": "Element",
			"from": [ 0, 3.4375, 3 ],
			"to": [ 0.0625, 3.5, 6.2 ],
			"faces": {
				"down": { "uv": [ 15.5, 0, 16, 0.5 ], "texture": "#texture" },
				"up": { "uv": [ 15.5, 0, 16, 0.5 ], "texture": "#texture" },
				"north": { "uv": [ 15.5, 0, 16, 0.5 ], "texture": "#texture" },
				"south": { "uv": [ 15.5, 0, 16, 0.5 ], "texture": "#texture" },
				"west": { "uv": [ 15.5, 0, 16, 0.5 ], "texture": "#texture" },
				"east": { "uv": [ 15.5, 0, 16, 0.5 ], "texture": "#texture" }
			}
		},
		{
			"__comment": "Element",
			"from": [ 0, 2.5, 6.2 ],
			"to": [ 0.0625, 3.5, 6.2625 ],
			"faces": {
				"down": { "uv": [ 15.5, 0, 16, 0.5 ], "texture": "#texture" },
				"up": { "uv": [ 15.5, 0, 16, 0.5 ], "texture": "#texture" },
				"north": { "uv": [ 15.5, 0, 16, 0.5 ], "texture": "#texture" },
				"south": { "uv": [ 15.5, 0, 16, 0.5 ], "texture": "#texture" },
				"west": { "uv": [ 15.5, 0, 16, 0.5 ], "texture": "#texture" },
				"east": { "uv": [ 15.5, 0, 16, 0.5 ], "texture": "#texture" }
			}
		},
		{
			"__comment": "Element",
			"from": [ -0.5, 2.3, 11.25 ],
			"to": [ 0, 2.3625, 11.3125 ],
			"faces": {
				"down": { "uv": [ 11, 0, 11.5, 0.5 ], "texture": "#texture" },
				"up": { "uv": [ 11, 0, 11.5, 0.5 ], "texture": "#texture" },
				"north": { "uv": [ 11, 0, 11.5, 0.5 ], "texture": "#texture" },
				"south": { "uv": [ 11, 0, 11.5, 0.5 ], "texture": "#texture" },
				"west": { "uv": [ 11, 0, 11.5, 0.5 ], "texture": "#texture" },
				"east": { "uv": [ 11, 0, 11.5, 0.5 ], "texture": "#texture" }
			}
		},
		{
			"__comment": "Element",
			"from": [ -0.5, 2.3, 11.25 ],
			"to": [ -0.4375, 3.5, 11.3125 ],
			"faces": {
				"down": { "uv": [ 11, 0, 11.5, 0.5 ], "texture": "#texture" },
				"up": { "uv": [ 11, 0, 11.5, 0.5 ], "texture": "#texture" },
				"north": { "uv": [ 11, 0, 11.5, 0.5 ], "texture": "#texture" },
				"south": { "uv": [ 11, 0, 11.5, 0.5 ], "texture": "#texture" },
				"west": { "uv": [ 11, 0, 11.5, 0.5 ], "texture": "#texture" },
				"east": { "uv": [ 11, 0, 11.5, 0.5 ], "texture": "#texture" }
			}
		},
		{
			"__comment": "Element",
			"from": [ -0.5, 3.4375, 11.25 ],
			"to": [ 1, 3.5, 11.3125 ],
			"faces": {
				"down": { "uv": [ 11, 0, 11.5, 0.5 ], "texture": "#texture" },
				"up": { "uv": [ 11, 0, 11.5, 0.5 ], "texture": "#texture" },
				"north": { "uv": [ 11, 0, 11.5, 0.5 ], "texture": "#texture" },
				"south": { "uv": [ 11, 0, 11.5, 0.5 ], "texture": "#texture" },
				"west": { "uv": [ 11, 0, 11.5, 0.5 ], "texture": "#texture" },
				"east": { "uv": [ 11, 0, 11.5, 0.5 ], "texture": "#texture" }
			}
		},
		{
			"__comment": "Element",
			"from": [ 1, 3.4375, 4 ],
			"to": [ 1.0625, 3.5, 11.25 ],
			"faces": {
				"down": { "uv": [ 11, 0, 11.5, 0.5 ], "texture": "#texture" },
				"up": { "uv": [ 11, 0, 11.5, 0.5 ], "texture": "#texture" },
				"north": { "uv": [ 11, 0, 11.5, 0.5 ], "texture": "#texture" },
				"south": { "uv": [ 11, 0, 11.5, 0.5 ], "texture": "#texture" },
				"west": { "uv": [ 11, 0, 11.5, 0.5 ], "texture": "#texture" },
				"east": { "uv": [ 11, 0, 11.5, 0.5 ], "texture": "#texture" }
			}
		},
		{
			"__comment": "Element",
			"from": [ 1, 3.4375, 4 ],
			"to": [ 10.5, 3.5, 4.0625 ],
			"faces": {
				"down": { "uv": [ 11, 0, 11.5, 0.5 ], "texture": "#texture" },
				"up": { "uv": [ 11, 0, 11.5, 0.5 ], "texture": "#texture" },
				"north": { "uv": [ 11, 0, 11.5, 0.5 ], "texture": "#texture" },
				"south": { "uv": [ 11, 0, 11.5, 0.5 ], "texture": "#texture" },
				"west": { "uv": [ 11, 0, 11.5, 0.5 ], "texture": "#texture" },
				"east": { "uv": [ 11, 0, 11.5, 0.5 ], "texture": "#texture" }
			}
		},
		{
			"__comment": "Element",
			"from": [ 10.5, 3.4375, 4 ],
			"to": [ 10.5625, 3.5, 5.5 ],
			"faces": {
				"down": { "uv": [ 11, 0, 11.5, 0.5 ], "texture": "#texture" },
				"up": { "uv": [ 11, 0, 11.5, 0.5 ], "texture": "#texture" },
				"north": { "uv": [ 11, 0, 11.5, 0.5 ], "texture": "#texture" },
				"south": { "uv": [ 11, 0, 11.5, 0.5 ], "texture": "#texture" },
				"west": { "uv": [ 11, 0, 11.5, 0.5 ], "texture": "#texture" },
				"east": { "uv": [ 11, 0, 11.5, 0.5 ], "texture": "#texture" }
			}
		},
		{
			"__comment": "Element",
			"from": [ 10, 3.1, 5.1 ],
			"to": [ 12, 3.6, 6.1 ],
			"faces": {
				"down": { "uv": [ 8.5, 0, 9, 0.5 ], "texture": "#texture" },
				"up": { "uv": [ 8.5, 0, 9, 0.5 ], "texture": "#texture" },
				"north": { "uv": [ 8.5, 0, 9, 0.5 ], "texture": "#texture" },
				"south": { "uv": [ 8.5, 0, 9, 0.5 ], "texture": "#texture" },
				"west": { "uv": [ 8.5, 0, 9, 0.5 ], "texture": "#texture" },
				"east": { "uv": [ 8.5, 0, 9, 0.5 ], "texture": "#texture" }
			}
		}
	],
	"display": {
		"thirdperson_righthand": {
			"rotation":  [ 0, -164, -90 ],
			"translation":  [ -2.782, 1.3919, 1.4928 ],
			"scale":  [ 0.5, 0.5, 0.5 ]
		},
		"thirdperson_lefthand": {
			"rotation":  [ 0, -164, -90 ],
			"translation":  [ -2.782, 1.3919, 1.4928 ],
			"scale":  [ 0.5, 0.5, 0.5 ]
		},
		"firstperson_righthand": {
			"rotation":  [ 45, -90, 0 ],
			"translation":  [ -5.564, 6.2608, 6.9565 ],
			"scale":  [ 0.3, 0.3, 0.3 ]
		},
		"firstperson_lefthand": {
			"rotation":  [ 45, 90, 0 ],
			"translation":  [ -5.564, 6.2608, 6.9565 ],
			"scale":  [ 0.3, 0.3, 0.3 ]
		},
		"gui": {
			"rotation":  [ 90, -90, 0 ],
			"translation":  [ 0, -0.695, 0 ],
			"scale":  [ 0.5, 0.5, 0.5 ]
		},
		"ground": {
			"translation":  [ 0, 4.8695, 0 ]
		},
		"fixed": {
			"rotation":  [ 0, 90, -90 ],
			"translation":  [ 0, 0, -4.695 ]
		}
	}
}